Requirement,Prediction,Type
less must use english localization uk electronic logbook feature,NFR,O
texas runtime library shall available computer communicating c2c project,NFR,O
system shall easy migrate backed via another usb drive,NFR,O
constituent sale history data construction junction quickbooks po system must migrated salesforce,NFR,O
ensure extensibility software system open architecture chosen,NFR,O
maintains configuration management system hardware software,NFR,O
training requirement shall determined developer system x module embedded,NFR,O
scheduler shall execute task rate group installed current mode,NFR,O
flight n shall designed capable complying performance requirement specified herein nonoperating atmosphere 8 18 asia,NFR,O
operational uk mixed allows test message sent uk fishery administration er system,NFR,O
system provides dashboard performance monitoring management tool,NFR,O
claus system shall able access remotely sensed environmental observation data collector,NFR,O
eight humidistats shall placed room throughout home,NFR,O
aspera3 telemetry data shall stored local ssri archive,NFR,O
computer must equipped web browser internet explorer,NFR,O
user interface software shall compatible browser internet explorer mozilla netscape navigator user access system,NFR,O
important requirement stability system highlevel user application level consequence availability basic network terminal functionality,NFR,O
ftse software work operating system together shall utilize 3 megabyte room,NFR,O
four main data operation required processed less,NFR,O
accepts content numerous file type format tiff image storage xml text audio streaming video pdf,NFR,O
software structure firmware suitable adding ui interpreter interpret visualize ui code generated ui editor,NFR,O
faulttolerant system service software shall use work version 54 operating system,NFR,O
web browser based interface must provided inventory management functionality,NFR,O
however access database may via training application access dbms rather production mission application,NFR,O
although first prototype complies specified functionality decided reimplement scratch carefully design application interface process communication,NFR,O
general device independence achieved functionality operable via keyboard,NFR,O
elm monitor information standard including metadata standard data interface standard,NFR,O
system encrypts data direct connection web client server priority 1,NFR,O
x shall deliver interrelated component shown figure 321,NFR,O
prototype n shall fabricated using commercial grade component,NFR,O
finally concluded prototype met functional requirement static,NFR,O
authoring tool provides project project repository containing font definition color palette bitmap image string,NFR,O
system must able support reporting definition described appendix,NFR,O
store system shall communicate crm system provide support,NFR,O
communication module also needed obtain system configuration vector unit,NFR,O
flight hardware shall fabricated using radiation hardened ardor radiation tolerant component,NFR,O
content selected file shall written new file new file shall become currently selected file,NFR,O
connector p1 pin 1 32 row shall connected 5v,NFR,O
shall exactly one file describing interpretation function symbol associated application,NFR,O
minimum broadband connection recommended fully utilize web conferencing feature,NFR,O
scope system require interacting interface customized,NFR,O
compression output file requires pdf version 15,NFR,O
controller value sent controller change dh environment,NFR,O
multiple language supported using java unicode standard,NFR,O
npc sm shall proceed broadcast modified active subscription process upon successful modification active subscription version,NFR,O
ftse software shall move buffer cpctc venus,NFR,O
system implemented using service oriented architecture modular design,NFR,O
except high level feature abovementioned adaptivity specification primarily rely multimodality related feature,NFR,O
n syndrome shall located second longford input information block buffer cell,NFR,O
web conferencing feature performance depends availability bandwidth,NFR,O
firmware allow extension functionality,NFR,O
system shall follow waterfall software process model,NFR,O
memory requirement,NFR,O
scheduler shall provide mechanism task optionally define user written softwareexceptionhandling routine run context task,NFR,O
contact u online donation form website page integrate salesforce allow donor upload image,NFR,O
already stated parted live run every system doesnt need specific software user side,NFR,O
make file automated script support build download flash programming process shall delivered software nasa,NFR,O
described functionality rank donor term ease working implemented part crm project,NFR,O
convert data described 71110,NFR,O
flight n shall designed electromagnetically compatible redstone power pc 604r,NFR,O
communication service shall provide api pipe communication,NFR,O
test point shall made available p2 connector examining operational status n,NFR,O
scalable mean performance degrade addition node job cluster,NFR,O
fatigue shall able communicate sun polaris linux window 2000,NFR,O
prototype n shall reside single commercial grade 6u vme board,NFR,O
tested various version microsoft window geulincx distribution mac o x,NFR,O
functional requirement feature exactly one system feature 1,NFR,O
migration framework shall provide tool build report war file,NFR,O
multimedia capability operating system selection virtually limited m window based platform,NFR,O
using test administering feature applicable administrator xl pdf must installed native machine view downloadable report,NFR,O
multimahjongclient play sound effect associated certain game action,NFR,O
system must ability allow metadata update,NFR,O
editor configured fatigue shall inform user editor must configured starting editor,NFR,O
conduction cooled board mechanical core shall designed accordance ieee 11012,NFR,O
due web based nature system host machine must also microsoft ii installed,NFR,O
victualed software seamless integration local operating hardware system,NFR,O
webbased display defined aspera3 team shall provided available aspera3 data opposed current used science analysis,NFR,O
system developed open standard,NFR,O
ability display print email save report standard format including csv excel well customizable format,NFR,O
n shall support least two physical processor per fcr,NFR,O
workflow system shall configurable management strategy migration arc war,NFR,O
claus system shall accept environmental data maintenance construction vehicle,NFR,O
creates maintains schema table definition required support data management function,NFR,O
recommended current system performs optimally suggested browser,NFR,O
network based ethernet standard procedure,NFR,O
product must stored way allows client easy access,NFR,O
see appendix example tiff header metadata requirement,NFR,O
new file shall created currently open application newly entered file name,NFR,O
claus system shall able communicate rbi database native interface,NFR,O
shall logical address system ipv4 format,NFR,O
general device independence achieved functionality operable via keyboard,NFR,O
useful operating life shall determined analysis presented critical design review,NFR,O
system administrator create report template available frontline staff run modified staff person particular need,NFR,O
physical transmission medium could medium direct phone connection eg isdn analog internet gsm radio link,NFR,O
authoring tool allow easy modification behavior user interface,NFR,O
application programming interface shall documented ftse api document,NFR,O
software architecture firmware allow extension additional functionality,NFR,O
access transmit queue shall controlled within communication service primitive,NFR,O
migration workflow shall able call external tool service eg database query shell command web service,NFR,O
2 category transmission must generated automatically less generated transmitted control master vessel,NFR,O
system developed centralized deployment maintenance,NFR,O
obvious pea zip independent operating system computer system run,NFR,O
selected analog value shall stored fifobuffers,NFR,O
power decoupling mechanism shall designed n,NFR,O
claus system shall able access insitu environmental observation data collector,NFR,O
claus program shall provide setup support,NFR,O
able relay data received one multimahjongclient multimahjongclients request,NFR,O
single thermostat shall placed enclosed space eg room house air temperature controlled,NFR,O
claus system baseline data type shall defined trip es 1204 standard data collection,NFR,O
npc sm shall responsible access control soa npc sm interface npc sm local sm interface,NFR,O
mash bot provide interface authenticating user account external service account,NFR,O
shall able installed air transportable rack chassis 8 pitch spacing card slot,NFR,O
access point controllable different modality,NFR,O
system web base system interact user web component interface,NFR,O
must also able handle context specific dialog,NFR,O
n shall configured automatically enter sync microcode following power,NFR,O
x shall internally interface transparent operator existing data element dbi dac cot dbms product,NFR,O
ftp shall consist five n one fcc one neft ftse software,NFR,O
claus system shall accept data claus standard interface,NFR,O
ftse object module linked application four fcs shall identical,NFR,O
importing file consists copying file application directory,NFR,O
tool shall provide enhanced usability providing easy adapt shell script wrapper major command,NFR,O
staff group account independent workstation client install tied specific location,NFR,O
system support secure protocol including sftp ssl ssh,NFR,O
system designed satisfactory performance even police station connected low bandwidth,NFR,O
n shall support class 1 class 2 bandwidth least 1 byte,NFR,O
also might communicate external system future customer relation management system hr system,NFR,O
c2c server shall execute microsoft window nt environment,NFR,O
aspera3 idf data idf data shall provided nasa pd,NFR,O
npc sm shall apply panel filter npanxxxs creation bulk data download file previously n374,NFR,O
communication service shall route message proper virtual group socket,NFR,O
example given transformation language program tlp file xtlpparsed generated parser executed,NFR,O
use recommended browser may cause performance issue addressed software vendor,NFR,O
arc war migration able run multiple machine easy deploy,NFR,O
physical transport medium possibly redundant certain degree depending condition specific plant,NFR,O
claus system shall acquire process disseminate atmospheric data,NFR,O
gui shall run window 2000 sun polaris 8 linux operating system without modification java code,NFR,O
following field mandatory 21 name 22 type,NFR,O
application installed microsoft unix platform,NFR,O
presence absence neft icp shall impact n firmware ie n firmware different,NFR,O
ability access database odbc source,NFR,O
ssri shall provide idf data processing algorithm,NFR,O
fatigue shall provide copying text text display area system buffer available pasting application editor,NFR,O
metadata check data conversion may necessary allow initial material reviewed,NFR,O
need added burning suite compatible operating system,NFR,O
shall possible repackage war file filtering field war specification,NFR,O
compression output file requires pdf version 15,NFR,O
system able run test credit card transaction,NFR,O
system support ssl encrypted connection,NFR,O
search interface web accessible must section 508 compliant,NFR,O
format us smtp protocol,NFR,O
libra scheduler subcomponent sge,NFR,O
support service shall provide api call provide current command data,NFR,O
binary value must stored plant controller retransmission demand,NFR,O
ftse software shall configure fcp act redstone bit master exception icp neft master,NFR,O
successfully completing bit software shall continue initialization work ftse software,NFR,O
x software shall delivered accordance coe guideline,NFR,O
load module four fcs shall identical,NFR,O
system hardware shall fixed patched via internet connection,NFR,O
system must able support finegrained report requirement described appendix b,NFR,O
claus system shall able operate redundant hardware,NFR,O
functionality provided inventory management system critical normal operation construction junction business,NFR,O
develops prototype software response migration goal,NFR,O
ssri shall provide software support ap af system,NFR,O
develops implement plan system evolution,NFR,O
separable cluster management system,NFR,O
claus system shall accept environmental data railway system situ es along track,NFR,O
claus system shall able communicate environmental sensor station using trip es 1204 standard data collection,NFR,O
shall builtin support n voted reset including special packet type executing primitive,NFR,O
ability print file server ftp email printer part application,NFR,O
multimahjongserver able save preference file read file startup,NFR,O
npc sm shall able communicate creation modification deletion spandex data service provider son local sm,NFR,O
use asp net c language system designed net framework 35 using visual studio family,NFR,O
aspera3 data shall provided nasa pd later 6 month acquisition,NFR,O
data definition report type required transmitted less uk fishing vessel found annex specification,NFR,O
c2c shall able operate normal mode,NFR,O
claus system shall able provide sensor equipment data response request,NFR,O
presentation information scope specification,NFR,O
coding done standard c,NFR,O
communication standard ssh client ftp client vpn client used connection two computing endpoint,NFR,O
shall web server apa system,NFR,O
construction junction acquired crm fusion product including demand tool people import dupe blocker assist effort,NFR,O
network shall operate tcpip standard procedure,NFR,O
product shall based web run web server,NFR,O
claus system shall accept atmospheric condition data derived atmospheric image task force review,NFR,O
texas shall used transmit todd message set,NFR,O
may achieved using simple messaging infrastructure,NFR,O
data must stored plant controller transmission demand,NFR,O
file shall written ml file extension lib,NFR,O
pea zip installation use requirement almost zero,NFR,O
fatigue shall provide manipulation display set,NFR,O
appliance manager shall able manage one hundred 115 volt 10 amp power switch,NFR,O
system web based system use web developing language,NFR,O
ftse software shall written c programming language,NFR,O
describe newly defined specification simulation environment provide abstract high level scripting language thus providing interpreter,NFR,O
condition monitoring important offshore wind farm standard function larger wind turbine,NFR,O
freight community shall able use claus system obtain environmental condition,NFR,O
editor also allows downloading generated code embedded veronica system interpreted firmware,NFR,O
performance reason vm closely matched firmware,NFR,O
possible configuration change shown ref ref504962431 figure 32,NFR,O
plugin api well documented specification provided plugin developer,NFR,O
scheduler shall provide api call install task rate group api call invoked system initialization,NFR,O
however parted depends library tool function,NFR,O
must way existing plant interface new communication system,NFR,O
following adaptivity specification limited single user session,NFR,O
note configuring network element automatically enter sync power opportunity perform bit n,NFR,O
npc sm shall support functional component board automatic self checking logic immediate fault locating,NFR,O
system integrate vertical response future possible replacement exact target blast email notification,NFR,O
claus system shall accept environmental data service patrol vehicle,NFR,O
claus system shall disseminate data using standard internet protocol,NFR,O
claus system shall able use multiple algorithm quality control process,NFR,O
less must permit master vessel generate formatted data transmission uk fishery administration er system,NFR,O
c2c shall able operate test mode,NFR,O
integration quickbooks po salesforce must use middleware,NFR,O
system management function shall available operator control system low time critical nature,NFR,O
system must written using industry best practice must built using construction junction approved product technology,NFR,O
digital home system shall incorporate backup recovery mechanism,NFR,O
ftse communication service provide message passing capability layered top packet based network element communication hardware,NFR,O
data collector shall designed support storage todd data element message set information,NFR,O
system shall extremely portable via usb drive,NFR,O
environmental sensor controller device shall within 1000 foot master control device order communication system,NFR,O
npc sm shall sync database primary sm update sent backup disaster recovery machine downtime,NFR,PE
whenever power reset occurs system initialization shall perform following function,NFR,PE
redundancy management shall wait icp signal completed initialization suspending application memory realignment,NFR,PE
redundancy management shall alignment permitted serially incorporate two new channel powered simultaneously,NFR,PE
scheduler shall keep minor frame count 0 49,NFR,PE
fcp watchdog timer shall remain active memory realignment,NFR,PE
n shall directly enter tnr microcode voted reset n watchdog timer reset,NFR,PE
system shall support fahrenheit celsius temperature value,NFR,PE
npc sm shall support permissive dialing period dialing pa allowed npa split,NFR,PE
continuous bit shall diagnose faulty fcr within 1 second detecting failure,NFR,PE
presence absence neft icp shall impact ftse software ie ftse icp load different,NFR,PE
sep shall measure realtime event accuracy 50 part per million,NFR,PE
claus system shall able collect data source within 5 minute becoming available,NFR,PE
system must handle least 100 concurrent user operation,NFR,PE
npc sm shall complete processing sending transaction time system failure npc sm resume processing,NFR,PE
constituent data quickbooks po salesforce must synchronized,NFR,PE
fatigue shall display set 10000 node five second less,NFR,PE
ram scrub software shall use 1 fcp cpu duty cycle,NFR,PE
sep shall able increment least 1 day without rolling,NFR,PE
utility timer shall available via ftse api call,NFR,PE
pipe provide fast data throughput virtual group within virtual group minimal data latency necessary,NFR,PE
timestamps shall also congruent across active processor case broadcast,NFR,PE
fair shall execute bit operational phase,NFR,PE
co must respond within 1 minute single multiplayer mode,NFR,PE
ftse shall notify application icp via api call 2 minor frame prior alignment,NFR,PE
fcp shall signal start minor frame icp mean venus irq5 interrupt,NFR,PE
degradation shall caused performance specified subsection 323131 3231311,NFR,PE
communication service shall deliver message order member virtual group,NFR,PE
claus system shall maintain dynamic library data least seven day,NFR,PE
npc sm shall default short initial concurrence window tunable parameter 1 business hour,NFR,PE
timestamp counter shall initialized zero sync,NFR,PE
fatigue shall begin first command execute command sequentially either error occurs command script file executed,NFR,PE
packet size assumed 60 byte,NFR,PE
npc sm shall default subscription disconnect retry interval tunable parameter 2 minute,NFR,PE
shall stay tnr mode indefinitely successful tnr exchange observed,NFR,PE
majority unanimity fcp member observed packet output buffer timeout shall initiated,NFR,PE
presence test shall also ascertain processor executing 50 hz 10 hz 1 hz frame,NFR,PE
note ftse fail fcr signal received within time,NFR,PE
system shall able add product shopping cart less 2ms,NFR,PE
flight n storage life shall 5 year better,NFR,PE
continuous bit executes fcp time initialization complete,NFR,PE
scheduler shall execute highest priority ftse application task system,NFR,PE
yellow speed tbd tbd mph red speed tbd mph,NFR,PE
maximum response time submission job 1 minute,NFR,PE
claus system shall able publish new data within twenty minute data receipt,NFR,PE
system shall able retrieve 200 product per second,NFR,PE
updating binary online value shall selectable interval 1 sec,NFR,PE
complexity tree search algorithm shall exceed on2 n node,NFR,PE
npc sm shall support duplexing major hardware component continuous operation event system hardware failure,NFR,PE
following power applied five chassis ftp system shall become operational 15 minute,NFR,PE
n shall operate worst case card edge thermal interface temperature 65 c greater 10 hour,NFR,PE
apaffr09 apa ground data system shall builtin error handling,NFR,PE
ftse shall wait icp signal completed initialization suspending application memory realignment,NFR,PE
ftp shall take 1 second per megabyte data realigned,NFR,PE
logging migration may turned onoff time,NFR,PE
typical sampling rate could 25 hz,NFR,PE
course lead loss data,NFR,PE
system shall able search specified product less 1 second,NFR,PE
system shall able handle 1000 customer logged concurrently time,NFR,PE
updating value shall selectable interval 1 sec,NFR,PE
analog value source shall available realtime online instant data well time averaged value,NFR,PE
met shall initialized zero first 50 hz frame,NFR,PE
shall support normal synchronization following power reset,NFR,PE
counter shall increase monotonically except tnr,NFR,PE
npc sm shall reject rescheduling block create immediate execution prior effective date spandex previously n773,NFR,PE
transfer data buffer shall carried without synchronism realtime,NFR,PE
system shall able restore 1000 record per second,NFR,PE
ftp shall detect babbling n icp within 20 millisecond receipt first erroneous packet,NFR,PE
reintegration fcp shall completed 15 minute,NFR,PE
redundancy management shall alignment permitted incorporate new channel within 15 minute power applied channel,NFR,PE
waveform amplitude shock pulse shall sawtooth shock pulse 20g peak 11 millisecond nominal duration,NFR,PE
complexity text search algorithm shall exceed on2 n node,NFR,PE
less data must transmitted required time set section 251,NFR,PE
behavior synchronous task executed scheduler must deterministic,NFR,PE
scheduler shall complete change one vehicle mode next within 102 second,NFR,PE
transaction rate 25 tn downloads per second shall supported npc sm local sm interface,NFR,PE
redundancy management shall notify application alignment reintegration processor take place 1 second,NFR,PE
permanent n failure fair shall mask failed n,NFR,PE
fair shall take 2 msec per minor frame nominal nofault condition,NFR,PE
switch modality must affect system operation consequently need reinitiate dialog status,NFR,PE
npc sm shall default prelogin advisory warning message following,NFR,PE
system employ demand asynchronous loading faster execution page,NFR,PE
ftse shall notify application memory realignment reintegration fcp going occur 1 second,NFR,PE
time management shall provide utility timer,NFR,PE
maximum timeout value shall 32768 microsecond 256 count least significant bit faulttolerant clock 128 microsecond,NFR,PE
processing data may carried simultaneously unit,NFR,PE
telemetry capability shall transfer telemetry block fcp ccnucc connected ctc,NFR,PE
qualification testing sweep time per axis shall 3 minute 141 arm overall,NFR,PE
asymmetric io call shall allowed induce large enough skew force fcs desynchronize,NFR,PE
npc sm shall default long initial concurrence window tunable parameter 9 business hour,NFR,PE
system initialization shall activity completed start 50 hz timer enable timer interrupt,NFR,PE
fcp watchdog timer shall remain active memory realignment,NFR,PE
ftp shall recover babbling n icp within 40 millisecond detected,NFR,PE
claus system shall respond request information within one minute,NFR,PE
npc sm shall provide tolerance communication link outage offer alternate routing outage,NFR,PE
9 megabyte dram allocation 4 megabyte ftssvxworks dram shall realigned realignment attempt,NFR,PE
fcp shall application initialization complete send fcp ready sync message icp,NFR,PE
system initialization shall enable reset processor watchdog timer absence fault watchdog timer expire reset processor,NFR,PE
npc sm shall default nonuser disconnect tunable parameter 60 minute,NFR,PE
apa system shall acquire esc telemetry data aspera3 experiment mar express orbit attitude,NFR,PE
recovery requirement includes time ftse software initiate recovery time recovery complete,NFR,PE
telemetry capability shall provide status data ftse fdi ccnucc rs422 link ctc,NFR,PE
maximum 1 bloc,NFR,PE
socket used synchronous message passing behave differently used immediate message,NFR,PE
fcp shall wait 25 second sending fcp ready sync icp ready signal,NFR,PE
redundancy management shall memory alignment configure n mask processor resynchronized,NFR,PE
memory scrubbing software shall capable scrubbing 10 megabyte 8 minute,NFR,PE
npc sm shall handle duplicate multiple input,NFR,PE
telemetry capability shall signal ccnucc transfer telemetry block ctc,NFR,PE
operating temperature range prototype n 0 322 c inlet cooling fan,NFR,PE
command read capability shall check presence command status message ctc ccnucc 10hz,NFR,PE
communication service shall provide synchronous message passing service form message queue,NFR,PE
dh user shall able set thermostat temperature 60 f 80 f inclusive one degree increment,NFR,PE
time management shall provide met,NFR,PE
flow control error control may provided,NFR,PE
surviving triplex shall attempt sync failed fcp,NFR,PE
ftse wait normal icp presence test fails,NFR,PE
npc sm shall default local sm activation log retention period tunable parameter 90 calendar day,NFR,PE
provided failed n recoverable state recovery failed n shall take longer 500 microsecond,NFR,PE
presence test shall also ascertain processor executing 50 hz 10 hz 1 hz frame,NFR,PE
scheduler shall place processing time bound rate group ensure rate group monopolizes fcc processor,NFR,PE
ftp system shall monitor presence new channel 1 hz periodic rate,NFR,PE
npc sm shall default long cancellation initial concurrence window tunable parameter 9 business hour,NFR,PE
failed fcp n shall masked within three minor frame fault detection isolation,NFR,PE
start shall synchronize fcp operational fcs,NFR,PE
npc sm shall default short cancellation initial concurrence window tunable parameter 9 business hour,NFR,PE
query killed take 1 min,NFR,PE
product shall take initial load time depending internet connection strength also depends medium product run,NFR,PE
claus system shall able automatically recover unexpected shutdown,NFR,PE
addition ftse software shall provide 600 bit startup data indicates state ftp system startup,NFR,PE
minimum session timeout value shall user definable able reset prior initialization user session,NFR,PE
set point power control start stop command time critical function also prompt response acknowledgeonreceive important,NFR,PE
claus system shall minimize time data dissemination,NFR,PE
start fcp watchdog timer shall active,NFR,PE
socket used synchronous message passing behave differently used immediate message passing,NFR,PE
npc sm shall default long business day duration tunable parameter 12 hour,NFR,PE
ftse software shall receive telemetry command cc via cpctc every medium frame,NFR,PE
first permanent fcp failure fair shall degrade redundancy level fcp 4 3,NFR,PE
flight n shall dissipate 35 watt,NFR,PE
every medium frame ftse software shall accept pointer telemetry program buffer space containing telemetry data,NFR,PE
flight n shall nonoperating application vibration ax,NFR,PE
npc sm shall support continuous hardware checking without performance penalty service degradation,NFR,PE
npc sm nh shall notify npc personnel immediately security event threshold exceeded snmp agent,NFR,PE
npc sm shall default short business day duration tunable parameter 12 hour,NFR,PE
security breach occurs contact sensor set open alarm system shall activated,NFR,PE
transfer data buffer shall carried without synchronism realtime,NFR,PE
fatigue shall allow user continue working transformation taking place,NFR,PE
storage ie nonoperating temperature range flight n shall 30 c 60 c,NFR,PE
upon usb plugged system shall able deployed operational less 1 minute,NFR,PE
system shall able change state power switch turn changing state appliance connected power switch,NFR,PE
9 megabyte dram allocation 4 megabyte ftssvxworks dram shall realigned realignment attempt,NFR,PE
time critical function must based fast reliable transmission number selected data type,NFR,PE
npc sm shall default sm retry interval tunable parameter 2 minute,NFR,PE
start shall able synchronize operational fcs presence skew power sequence,NFR,PE
insufficient space enqueue message transmission ftse shall return error corresponding task,NFR,PE
scheduler shall take longer 1 millisecond execute scheduler time service ftse overhead task rate group,NFR,PE
time n failure identified n recoverable time n recovered shall 15 minute,NFR,PE
npc sm shall default conflict expiration window tunable parameter 30 calendar day,NFR,PE
timestamp counter reach maximum value hex ffffffff approximately 5500 second shall wrap around zero,NFR,PE
claus system shall minimize time data acquisition,NFR,PE
following processor recovery time frozen ftse software shall account frozen time update sep proper value,NFR,PE
task within rate group shall executed order mission manager register task,NFR,PE
npc sm shall default system password aging 90 day,NFR,PE
operational alarm must transmitted immediately triggering,NFR,PE
error case support service shall attempt choose errorfree ccnucc path switching back forth channel necessary,NFR,PE
likewise possible switch current context without loosing perspective case system estimate context properly,NFR,PE
failed channel provided recoverable shall recovered less 15 minute,NFR,PE
averaged value accuracy start time period shall better 10 m,NFR,PE
met shall measure realtime event accuracy 50 part per million,NFR,PE
fcp processor synchronized system initialization surviving triplex shall attempt sync failed fcp,NFR,PE
communication service shall detect babbling n icp within 20 millisecond receipt first erroneous packet,NFR,PE
scheduler shall issue 50 hz interrupt icp skew greater 330 microsecond,NFR,PE
utility timer shall accuracy 50 ppm,NFR,PE
clear failure fair shall request vehicle mission manager cycle power fcr,NFR,PE
npc sm shall allow activation without old service provider concurrence final concurrence window timer expired,NFR,PE
process scheduling shall performed certain controlled location synchronization point,NFR,PE
tool shall offer best possible performance correctly process large collection io bound,NFR,PE
api call shall provided allows application notify ftse fcr intentionally powered,NFR,PE
new n observed functioning n return operational mode within 500 microsecond,NFR,PE
time critical function shall use short message high priority,NFR,PE
draper shall violate 100 microsecond requirement,NFR,PE
additionally shall possible start scanning selected binary value selectable duration,NFR,PE
ftse shall configure fcp continue processing power initial bit test fail,NFR,PE
sync procedure shall terminate 5 n synchronized four n synchronized four n powered timeout period,NFR,PE
updating counter shall select able interval 1 sec,NFR,PE
fair shall receive information two consecutive missed heartbeat conclude icp failed,NFR,PE
scheduler shall detect 50 hz 10 hz 1 hz rate group overrun,NFR,PE
thats fine click ok warning window displayed,NFR,PE
fair shall take 3 msec per minor frame processing fault,NFR,PE
transfer data buffer may carried offline without synchronism realtime,NFR,PE
time stamp must reported precision one second less,NFR,PE
npc sm shall default time interval restart login process 60 second,NFR,PE
soa npc sm interface npc sm local sm interface shall support detection message delay,NFR,PE
syndrome shall represent occurrence indicated error time delivery previous packet delivery current packet,NFR,PE
system must provide adequate response time commonly performed function standard peak condition,NFR,PE
transaction rate 2 chip transaction sustained per second shall supported soa npc sm interface association,NFR,PE
timestamps shall congruent across member destination fcp,NFR,PE
control flow four fcs shall similar identical,NFR,PE
n shall provide capability perform voted vme bus reset,NFR,PE
ftse shall mask babbling n icp within 40 millisecond detected,NFR,PE
noncongruent memory modified realignment,NFR,PE
intentional powering fcp icp n shall classified fault,NFR,PE
npc sm shall allow npc personnel soa npc sm interface activate subscription version,NFR,PE
alarm data shall sent wind turbine occurrence,NFR,PE
npc sm shall default conflict restriction window tunable parameter 12 noon,NFR,PE
system initialization shall synchronize fcp virtual group presence power skew 25 second,NFR,PE
response time loading product take longer five minute,NFR,PE
system shall able validate credit card less 2 second,NFR,PE
npc sm shall restart login process threshold r7331 exceeded specified interval time passed,NFR,PE
scheduler shall issue 50 hz interrupt icp mean venus irq5 interrupt,NFR,PE
transfer data buffer shall carried without synchronism realtime,NFR,PE
prior starting execution script file display screen standard error standard output shall cleared,NFR,PE
icppmc1553 bit case provided hardware state permit ftse shall log error report x38 telemetry stream,NFR,PE
pipe provide fast data throughput virtual group within virtual group minimal data latency necessary,NFR,PE
datawise mess age shall small shall transmitted minimum delay,NFR,PE
time management shall provide sep,NFR,PE
delay may occur due transmission error low capacity low bandwidth transport medium network fault,NFR,PE
npc sm shall responsible ensuring system clock accurate within two minute gmt,NFR,PE
bit shall executed 50 hz rate 50 hz flight critical operation complete,NFR,PE
memory alignment shall take 1 second per megabyte data realigned,NFR,PE
response time operational function therefore related communication need much faster one second human timescale,NFR,PE
although network internet communication obvious available,NFR,SE
enforce security requirement following functionality needed authentication data integrity data confidentiality,NFR,SE
information included every data transfer,NFR,SE
xml document attached email uk fishery administration er system must encrypted using pgp,NFR,SE
data may inaccessible eg fault process plant fault data transport fault data processing unit,NFR,SE
npc sm shall provide postcollection audit analysis tool produce detailed report user relating system intrusion,NFR,SE
npc sm shall control limit simultaneous active usage use rids allowing one active login,NFR,SE
read write permission individual configuration file assigned user group,NFR,SE
transaction archived form protects patron privacy defined state law providing useful demographic statistic,NFR,SE
socket nonblocking place burden polling application task,NFR,SE
time critical function include control supervision function,NFR,SE
npc sm nh shall use snmp detect link outage,NFR,SE
claus system shall provide notification data quality condition data collector,NFR,SE
npc sm shall verify said access control match owner association one secondary provider previously b50,NFR,SE
contextual understanding example support context switch without explicit request another,NFR,SE
npc sm shall provide authorized npc sm personnel functionality resend failed disconnect request local sm,NFR,SE
client authentication ensures authorized client operator operating equipment,NFR,SE
also system cover quality assurance,NFR,SE
claus system shall able mitigate communication denialofservice attack,NFR,SE
user selects application save menu item fatigue shall save application configuration information nonvolatile storage,NFR,SE
system administrative staff full visibility control user privilege,NFR,SE
allows metadata stored database manner conforms repository reformatting linked corresponding object via identifier,NFR,SE
npc sm shall allow pending subscription version activated without old service provider authorization transfer service,NFR,SE
right user operate function see data different level object hierarchy might necessary set,NFR,SE
maximum number job schedule limited capacity node fulfill job deadline upper limit inherent libra scheduler,NFR,SE
appropriate content presentation also play key role accessibility,NFR,SE
assumed multiple user session likely occur public space application treated elsewhere,NFR,SE
npc sm shall provide security documentation defines describes procedure deleting user,NFR,SE
able enforce resource allocation according usercentric priority,NFR,SE
system shall use secure socket transaction include confidential customer information,NFR,SE
npc sm shall allow sm recover network data downloads intended sm,NFR,SE
less must capture data necessary recording fishing activity undertaken uk fishing vessel,NFR,SE
choose pick multimahjongclient must send information multimahjongserver,NFR,SE
system shall confirm transaction customer web browser,NFR,SE
access right condition use held digital object related metadata,NFR,SE
initiating process editing file fatigue responsible communication process passing command line argument,NFR,SE
security risk type responsibility system administrator,NFR,SE
nit policy prohibits use nit facility asset personal use,NFR,SE
mode switch initiated system possible input channel,NFR,SE
standard include format standard metadata standard documentation standard,NFR,SE
allows searching outside search engine first gov google yahoo according current elm protocol security policy,NFR,SE
gui shall allow user create modify copy delete application file regardless current status html,NFR,SE
npc sm shall apply panel filter block resends local sm previously b574,NFR,SE
npc sm shall provide postcollection audit analysis tool produce exception report item relating system intrusion,NFR,SE
one username password must provided owner vessel,NFR,SE
system shall automatically log customer period inactivity,NFR,SE
output form email email account return sort message mash bot,NFR,SE
system give user ability reset password priority 2 0460 individual password reset,NFR,SE
audit data sip aid ensure meet specified requirement,NFR,SE
memory shall categorized congruent identical data noncongruent data identical memory,NFR,SE
system backend server shall never display customer password customer password may reset never shown,NFR,SE
npc sm shall protect internal storage authentication data accessed npc security administrator user,NFR,SE
npc sm shall provide strong authentication mechanism network access,NFR,SE
object repository accessible computational use machine accessibility data mining automated document retrieval,NFR,SE
maintains integrity data management database contains metadata system information,NFR,SE
npc sm shall allow access authorized remote system,NFR,SE
monitor ensures aid corrupted transfer,NFR,SE
user id password shared anyone studentsstaffor anyone else,NFR,SE
content responsibility user system nit neither responsible liable accuracy correctness content,NFR,SE
uk fishery administration er system acknowledge test message store data transmitted,NFR,SE
user manipulate 1 document time,NFR,SE
pdfs web application network communication necessary check software update,NFR,SE
system shall leave cooky customer computer containing user password,NFR,SE
npc sm shall support recovery notification soa sm independent request,NFR,SE
npc sm shall allow npc security administrator revoke user,NFR,SE
determines security policy including application error control technique,NFR,SE
interacts repository user content provider track change service requirement available product technology,NFR,SE
communication service shall provide immediate message passing service form pipe,NFR,SE
may need coordinate update metadata held system,NFR,SE
remote monitoring operation device requires strict security measure several reason,NFR,SE
editor associated either file file type default editor shall used,NFR,SE
webbased display defined aspera3 team used science analysis shall password protected aspera3 data made public,NFR,SE
user responsible securing backup uploaded data content system event outage,NFR,SE
valid user one disabled deleted exists system,NFR,SE
system configurable email warning multiple failed login attempt user,NFR,SE
object related metadata may embargoed term public access,NFR,SE
circumstance maximum cost payable submitted user maximum cost charged user,NFR,SE
npc sm shall provide facility initial entry authorized user associated authentication information,NFR,SE
material feature attribute assigned department,NFR,SE
provides statistically acceptable assurance component aip corrupted internal archival storage data transfer,NFR,SE
administrative level user delegate another user execute authorized action,NFR,SE
weather service provider shall able use claus data provide localized special weather product,NFR,SE
system shall encrypt sensitive information via http,NFR,SE
npc sm shall provide facility modification authorized user associated authentication information,NFR,SE
npc sm shall mass update request send update subscription version filtered local sm,NFR,SE
communication service shall provide capability broadcast message virtual group,NFR,SE
ftse shall provide immediate message passing service form pipe,NFR,SE
claus program shall allow potential weather element data provider request permission submit weather information,NFR,SE
scheduler support job migration purpose decreasing resource fragmentation,NFR,SE
npc sm shall archive security audit data offline minimum two year,NFR,SE
add item button present user manager director inventory administrator,NFR,SE
claus program shall establish data sharing agreement participating source environmental data,NFR,SE
npc sm shall allow authorized user access data part controlled sm system,NFR,SE
change member inshore credit amount result donated item sale made available quickbooks po,NFR,SE
npc sm shall apply panel filter spandex downloads local sm previously n65,NFR,SE
npc sm shall provide security documentation defines describes procedure adding user,NFR,SE
socket nonblocking place burden polling application task,NFR,SE
npc sm shall ensure generated password reasonably resistant brute force password guessing attack,NFR,SE
access right condition use machinereadable actionable,NFR,SE
system backend database shall encrypted,NFR,SE
communication service shall detect message passing application task living virtual group bypass usage network element,NFR,SE
provide administrative security,NFR,SE
store system shall communicate export regulation system validate export regulation,NFR,SE
even though memory scrubbing performed locally error would congruent recording error shall congruent,NFR,SE
npc sm shall verify whether user requesting report proper viewing privilege selected data,NFR,SE
npc sm shall documented procedure software backup,NFR,SE
npc sm shall validate upon request add panel service provider panel exist service provider region,NFR,SE
npc billing system shall accessible npc personnel,NFR,SE
service provider responsible npa split communicates npa split information npc,NFR,SE
npc sm shall support following network data download criterion,NFR,SE
able ensure content information preservation description information altered,NFR,SE
desired user override default setting privacy issue certain output channel preferred,NFR,SE
binary process value shall accessible,NFR,SE
software exception defined mapped work signal exception classified hardware exception,NFR,SE
text window shall cleared prior executing individual hat sml program unless program contained program script,NFR,SE
system allows user change password,NFR,SE
npc sm nh shall use snmp monitor system resource,NFR,SE
system shall validate credit card fraud,NFR,SE
shall necessary scrub area used store telemetry data,NFR,SE
fault detection isolation provides capability detect diagnose fault within fcc hardware,NFR,SE
certain piece information required create new account,NFR,SE
warning sent system administrator,NFR,SE
identifier link data management digital object,NFR,SE
npc sm shall allow access encrypted password authorized user,NFR,SE
user confirms file application directory shall deleted application directory shall deleted,NFR,SE
npc sm shall provide postcollection audit analysis tool produce exception report user relating system intrusion,NFR,SE
npc sm shall mark sp key invalid used service provider change key,NFR,SE
access right condition inherited parent object object designated child object,NFR,SE
system shall verisign like software shall allow user complete secured transaction,NFR,SE
npc sm shall provide mechanism limit user authorized access system via dialup facility,NFR,SE
npc sm shall ensure service provider action either deliberate accidental cause system unavailable user,NFR,SE
npc sm shall allow subscription version placed conflict old service provider one time,NFR,SE
npc sm nh shall use snmp detect communication error,NFR,SE
npc sm shall maintain internally identity npc service provider personnel logged npc sm,NFR,SE
border system shall email system administrator regarding technical query customer sale people,NFR,SE
deletes aid repository may require removal digital object file retention associated metadata removal file metadata,NFR,SE
npc sm shall reject message use key whose usage stopped,NFR,SE
system shall autodetect ip do attack bloc kip automatically,NFR,SE
every user administrator right full access given start program logged root,NFR,SE
system shall create log change update fix done site,NFR,SE
npc sm shall support temporary disabling use rids,NFR,SE
sends request system information data management receives report,NFR,SE
ram scrub shall scrub area used telemetry data,NFR,SE
duplicate detection shall find report war record checksum,NFR,SE
data item transferred might need encrypted prevent malicious false operation well eavesdropping,NFR,SE
maintains integrity system configuration,NFR,SE
claus program shall define data retention standard,NFR,SE
npc sm shall apply panel filter spandex downloads son previously n68,NFR,SE
reliability sense data retransmitted reconstructed reprocessed lost inaccessible reason essential,NFR,SE
exhaustive search entire set combination job done heuristic developed scheduling problem,NFR,SE
npc sm shall ensure generated sequence password property randomness,NFR,SE
provides system setting user defined setting search function,NFR,SE
referred user account role,NFR,SE
contact information utilized inventory management system including donor donation acquisition information stored salesforce crm,NFR,SE
system may contain number user account,NFR,SE
npc sm shall suppress broadcast local sm modification block soa origination indicator previously b317,NFR,SE
access could provided new data source established available,NFR,SE
npc sm shall provide conflict restriction window restricts old service provider putting subscription version conflict,NFR,SE
npc sm shall provide procedure mechanism allow recovery system failure without security compromise,NFR,SE
system allows valid user log system,NFR,SE
application visible notification incoming message received,NFR,SE
automatic procedure detection communication fault managing redundancy system component shall established,NFR,SE
integrate proxy mode inside war browser,NFR,SE
color finish attribute set department,NFR,SE
npc sm shall upon determination key list compromised change private key,NFR,SE
npc sm shall allow soa recover network data downloads intended soa,NFR,SE
video may also used supervision equipment,NFR,SE
claus program shall maintain information service provider access data,NFR,SE
npc sm shall ensure npc audit capability disabled,NFR,SE
server authentication shall ensure client application truly operating tended site,NFR,SE
system shall leave cooky customer computer containing user confidential information,NFR,SE
system may require user download program update become compatible compliant system,NFR,SE
npc sm shall record audit result audit log,NFR,SE
application must ensure leaf untouched input pdf file modification allowed file,NFR,SE
npc sm shall validate upon request add lin service provider lin exist service provider region,NFR,SE
npc sm shall allow access authorized individual user,NFR,SE
npc sm shall ensure user identification associated npc sm request activity maintained initiating user traceable,NFR,SE
npc sm shall validate spandex holder said valid service provider npc sm previously n90,NFR,SE
npc sm shall ensure authorized npc personnel archive delete security audit log part archival process,NFR,SE
output pretty printed text file set shall displayed user request,NFR,SE
protect data stolen corrupted intentionally falsified protect device unauthorized use preserve privacy monitoring data,NFR,SE
npc sm shall require single password entry use rid,NFR,SE
npc sm shall protect security audit log unauthorized access,NFR,SE
way user relevant access system get updated information wind power plant,NFR,SE
claus system shall able detect data submission error,NFR,SE
account history associated deleted system,NFR,SE
local procedure recovery may incorporate redundancy selected function backup data,NFR,SE
reject component information package meet requirement,NFR,SE
highest rate group task ie task preempted immediate message service shall also provided,NFR,SE
allows metadata harvesting institution following faith guideline,NFR,SE
administrator control staff access table field,NFR,SE
system failure caused user operation network malfunction avoided,NFR,SE
npc sm shall ensure password contain associated use rid,NFR,SE
ability cluster server failover capability,NFR,SE
binary command may also include activation deactivation program parameter change,NFR,SE
npc sm shall store password oneway encrypted form,NFR,SE
npc shall capable monitoring status communication link,NFR,SE
data correction must transmitted piecemeal entire report containing one corrected item must transmitted,NFR,SE
system shall provide handicap access,NFR,SE
support production management information report statistic,NFR,SE
split item link present user manager director inventory administrator,NFR,SE
provides access version digital object repository,NFR,SE
npc sm shall automatically suppress fully blot clear text representation password data entry device,NFR,SE
coordinate removal aip maintenance metadata held system provides alert system need updated,NFR,SE
npc personnel request service provider data created npc sm,NFR,SE
user shall required log authenticate higher identity using system,NFR,SE
c2c project shall utilize todd standard including message set transmit information,NFR,SE
transmit packet queue reception packet queue shall maintained task communication id,NFR,SE
npc sm shall allow npc personnel current service provider invoke functionality disconnect subscription version,NFR,SE
user id password ensure appropriate user able delete change job,NFR,SE
npc shall capable detecting reporting communication link failure,NFR,SE
instance case condition monitoring component gearbox bearing,NFR,SE
alert sent unlimited number recipient via alert method,NFR,SE
store track version documentfileimage link connection version created maintained,NFR,SE
system shall encrypt customer data database,NFR,SE
claus system shall able receive weather data weather service provider,NFR,SE
npc sm shall require unique user identification code use rids identify npc service provider personnel,NFR,SE
npc sm shall use authentication public encryption key user accessing npc sm internet,NFR,SE
function regarding safety person shall based communication system,NFR,SE
less must provide mean electronic print file protected modified way generated distributed,NFR,SE
system allows user make unauthorized attempt access case must log audit trail,NFR,SE
essential proper design communication system select method minimize property,NFR,US
mean order take advantage wish list functionality user must registered construction junction website member,NFR,US
3 level available beginner intermediate advanced,NFR,US
mash bot campaign support following account role contributor approver publisher,NFR,US
user shall able view multiple set simultaneously,NFR,US
information flow must compatible average user capability avoid cognitive overload,NFR,US
traffic management personnel shall able use claus system obtain environmental condition,NFR,US
shall provide specific guideline user using store system within system,NFR,US
selecting appropriate page length length page selected support primary purpose use page,NFR,US
npc sm shall able display advisory warning message 20 line length prior login,NFR,US
co able perform look ahead algorithm determine best move intermediate advanced level,NFR,US
deletion must easily identifiable within less user interface,NFR,US
admin able see campaign,NFR,US
thus user shall able edit file view output transmit problem html waiting html generate output,NFR,US
content accessibility wag 10 shall standard used guidance content accessibility,NFR,US
system produce statistic used understand predict patron behavior use material,NFR,US
documentation webbased indexed organized function easily searchable,NFR,US
user shall able clear error window without restarting fatigue,NFR,US
member able push facebook campaign,NFR,US
user interface meet requirement recommendation content accessibility wag 10 shall standard used guidance content accessibility,NFR,US
admin able perform user account action bulk,NFR,US
user access user documentation online stage game,NFR,US
information provided user wrong page appear higher,NFR,US
sampling provided applicable quickly validate conversion 151 18 example,NFR,US
communication system shall based open widely accepted method high degree interface possibility,NFR,US
number digit used unique prefix must 10 less,NFR,US
user able chat real time,NFR,US
searching set pattern search begin set node corresponding node current keyboard cursor location,NFR,US
capability generate report ad hoc manner automatically triggered reporting calendar specific system event,NFR,US
construction junction member able log cjs website,NFR,US
training purpose new tool needed able derive input rule database used moment,NFR,US
system provide variety standard display format including ability user customize search result display desired,NFR,US
user need know set operate tcpip server,NFR,US
member able see content published supported service,NFR,US
minimizing user error potential user error well effort needed recover error minimized,NFR,US
every error occurs program execution classified two type fatal nonfatal error,NFR,US
system built common user access authentication service ensure single sign enduser,NFR,US
provide least basic level job accounting aid scheduling policy,NFR,US
npc sm shall require npc service provider personnel identify assigned use rid performing action,NFR,US
co able perform calculation stage game,NFR,US
system shall easy use,NFR,US
member able add additional service existing campaign,NFR,US
technically speaking system able detect people automatically doesnt need approached subject,NFR,US
user able turn sound stage game,NFR,US
guidance selecting using different form interaction technique found iso 924114 iso 924117,NFR,US
permission easy administer,NFR,US
secondly system need subtle notion service guide user quickly effectively,NFR,US
npc sm shall notify npc personnel upon successful creation new service provider,NFR,US
visual audio surveillance enable user detection language understanding face speech recognition,NFR,US
claus system shall apply appropriate quality check based completeness received sensor station metadata,NFR,US
system must accessible campus via broadband internet connection using required id password combination,NFR,US
digital home system shall provide user online documentation digital home system installed home,NFR,US
pre postconversion action provided level migration eg record war job,NFR,US
member able monitor trending topic regarding campaign,NFR,US
aspera3 data shall calibrated validated prior depositing nasa pd,NFR,US
correction must easily identifiable within less user interface,NFR,US
fatigue shall allow user request transformation html performing transformation parsing,NFR,US
general guidance achieving self descriptiveness given iso 9241110,NFR,US
user need provide pdf document click perform action,NFR,US
help accessible user offline online mode,NFR,US
making navigation selfdescriptive navigation designed help user understand go next,NFR,US
change made configuration saved user shall prompted save configuration,NFR,US
assuming submitted statistic job accurate libra scheduler ensure job completed 10 error allowance,NFR,US
support use multiple language nonroman script search retrieval display,NFR,US
required information field marked asterisk,NFR,US
alert threshold configurable alert sent via administrative dashboard email message text message,NFR,US
claus system shall able implement quality control rule specific observation location,NFR,US
frequently executed system transaction must designed completed interaction eg mouse click,NFR,US
two major aspect vital importance acceptance terminal public space application,NFR,US
member able monitor facebook group related campaign,NFR,US
button shortcut easy click touch screen workstation extra spacing row added necessary,NFR,US
less must able confirm transmission successfully acknowledged display error message less receive negative acknowledgement message,NFR,US
user shall able display one set time set shall displayed separate window,NFR,US
dh user shall able set humidity level humidistat 30 60 inclusive 1 increment,NFR,US
requirement identify data item corrected generated corrected report,NFR,US
ability adjust level manual quality control needed based origin file,NFR,US
customer presented unambiguous interface assist browsing category product,NFR,US
product aimed user basic knowledge operate pc macintosh unix box see section 531,NFR,US
however price discount automatically applied purchase via quickbooks po also visible website,NFR,US
elm monitor computing platform ie hardware software identify technology could cause system obsolescence,NFR,US
must done interactive visual way,NFR,US
however connection internet would considered useful user would able access online help information pea zip,NFR,US
providing alternative frame based presentation frame used alternative way presenting relevant information without frame provided,NFR,US
user documentation shall include following section describes use dh planner,NFR,US
sampling rate analog value shall high enough characterize event determine cause fault,NFR,US
international standard mentioned shall consulted guidance practical guideline presenting information user found iso 924112,NFR,US
average casual user find problem using program perform least main function,NFR,US
validation shall use heretic arc reader doublecheck original arc record correctly converted war,NFR,US
npc sm shall support generation regularly scheduled standard ad hoc report provided request service provider,NFR,US
transit personnel shall able use claus system obtain environmental condition,NFR,US
system shall provide online help faq customer support sitemap option customer support,NFR,US
information shall used editor started process,NFR,US
application currently open fatigue prompt user select open application prompt user select file,NFR,US
observing principle human perception designing application page general principle human perception taken account,NFR,US
establishes maintains elm digital repository best policy practice procedure including outlined section 61 62,NFR,US
customer bouncing email address must identified quickbooks po,NFR,US
onlooker person inside interaction area terminal already considered user,NFR,US
system shall prompt customer friend easy read error message,NFR,US
system shall perform search via dijkstra shortest path algorithm,NFR,US
notification multiple form email message text message voice blast twitter facebook,NFR,US
user able end game stage game user able quit program begin join new game,NFR,US
user shall able override planned parameter value dh website available manual switch household device,NFR,US
ui interpreter interpret downloaded ui code navigate menu perform defined action,NFR,US
solution send alert eg email sm user user chooses whenever action taken alert,NFR,US
radiation test result shall characterized documented,NFR,US
npc sm shall change key used npc sm service provider one year usage,NFR,US
general single user session occurs one person front terminal interacts system,NFR,US
dh user shall able read temperature thermostat position,NFR,US
single node shall selected moving keyboard cursor node using tab key pressing enter key,NFR,US
display monitor recommended high resolution lcd crt monitor used best result,NFR,US
user able log,NFR,US
application currently selected end operation,NFR,US
provide way view crawl delta quality assurance,NFR,US
apa system shall process engineering ancillary information necessary calibration science validation idf data set,NFR,US
fatal error system give understandable feedback user,NFR,US
furthermore system check update whenever requested user automatically opening application,NFR,US
application currently selected end operation,NFR,US
request made contacting validation authority email first instance,NFR,US
interaction process natural possible development ultimately enable natural language understanding,NFR,US
cell right top left corner matrix always represents 5 item selected department automatically generated system,NFR,US
decision agent need content prioritization,NFR,US
matrix able hold least 30 tile level,NFR,US
dialog doesnt understand clearly handled properly limit user frustration,NFR,US
single node shall selected rightclicking mouse cursor node,NFR,US
solution enable helpdesk user view report submitted defect enhancement request categorywise statuswise age wise,NFR,US
claus system shall able base quality control process value multiple observation,NFR,US
member hierarchical permission,NFR,US
mash bot provide standardized method interacting external service account,NFR,US
video communication may also facilitate cooperation field personnel control center personnel,NFR,US
member able post blog campaign,NFR,US
claus system shall respond query environmental data available data,NFR,US
splash screen avoided unless provide useful content feedback application state user,NFR,US
claus program shall define data quality assurance method criterion,NFR,US
system must provide end user administrator function easy use intuitive throughout,NFR,US
able recognize required descriptive element,NFR,US
npc sm shall provide tool npc monitor message passing activity specific network address occur,NFR,US
shall include information limitation constraint parameter setting sensor reading accuracy,NFR,US
information flow must compatible average user capability avoid cognitive overload,NFR,US
fair shall able identify fault source least fcr,NFR,US
claus system shall able acquire process disseminate environmental data across north america,NFR,US
must least one slot available category matrix level new category created hold new category,NFR,US
international standard mentioned shall consulted guidance practical guideline presenting information user found iso 924112,NFR,US
user documentation shall include following section explains dh parameter set sensor value read,NFR,US
user email verified registering new account,NFR,US
develops multiple preservation strategy dependent upon specific nature digital material,NFR,US
user able discard tile picked one choose discard multimahjongclient must send information multimahjongserver,NFR,US
claus system shall able respond 95 request environmental data 95 time,NFR,US
capable interacting part system obtain additional information needed,NFR,US
npc sm shall allow npc personnel create customized report ad hoc facility,NFR,US
customer sale history must synchronized quickbooks po roll similarly donation statistic,NFR,US
application becomes currently selected application,NFR,US
user wish play multiplayer mahjong need advanced knowledge tcpip networking,NFR,US
consults functional area designated community,NFR,US
device object shall selfdescriptive generic part system function extract information contained wind power plant object,NFR,US
member able post twitter campaign,NFR,US
rail system personnel shall able use claus system obtain environmental condition,NFR,US
user able use pdfs without specific knowledge experience reading user manual help message embedded application,NFR,US
provides report develop preservation strategy standard function,NFR,US
making individualization adaptation evident made evident user individualization ardor adaptation used,NFR,US
dh user shall able read humidity humidistat position,NFR,US
target program selected fatigue shall first prompt user select transformation language program,NFR,US
dead end dialog addressed special help system contextual understanding provided,NFR,US
system shall utilize consistent symbol color clear notification,NFR,US
customer able confirm order checkout,NFR,US
member able unpublish campaign,NFR,US
member able create new campaign,NFR,US
system shall employ easy locate button,NFR,US
user selects viewed menu option fatigue shall prompt user select set file current application,NFR,US
user shall able issue inside instruction revers hide instruction displayed node,NFR,US
solution provide detailed contextsensitive help material possible action scenario user interface application,NFR,US
screen extension web conferencing feature screen enables user view available chat session available given time,NFR,US
finally operator need know status communication system able rely presented data,NFR,US
fatigue shall provide user capability search text display text substring search criterion described appendix f,NFR,US
claus system shall employ industry standard minimize implementation impact user provider,NFR,US
splash screen used navigation option skip offered,NFR,US
mash bot campaign allow multiple user collaborate campaign,NFR,US
possible get attribute service object,NFR,US
user able register new account,NFR,US
product store online help system becomes critical component system shall provide,NFR,US
error message produced system must meaningful appropriately acted upon user likely see,NFR,US
relevancy ranking manipulable via system system ideally user defined setting also provided,NFR,US
user multimahjongserver likely general knowledge web server environment,NFR,US
provides requirement alert develop preservation strategy standard function,NFR,US
emergency management public safety personnel shall able use claus system obtain environmental condition,NFR,US
event inflammatory derogatory content identified content immediately removed appropriate authority notified resulting possible disciplinary action,NFR,US
claus program shall provide trained support staff,NFR,US
system userfriendly method mapping nonstandard metadata element approved elm element,NFR,US
provides approved standard procedure migration goal preservation planning,NFR,US
system shall utilize help bubble assist manager customer administrator,NFR,US
healthy fr shall incorporated become available,NFR,US
prepared dip response placed staging area message generated sent coordinate access activity dip ready delivery,NFR,US
category name must unique across inventory,NFR,US
user chat one another session open,NFR,US
member able view reply tweet related campaign,NFR,US
admin able edit campaign,NFR,US
averaging time measuring averaging method documented data,NFR,US
given month year past two year digital home shall able provide report management control home,NFR,US
data validation validation error must reported actor displayed screen,NFR,US
general knowledge basic computer skill required use product,NFR,US
user shall able initiate process interface provided fatigue,NFR,US
provides customization advice airship review administration application design,NFR,US
user able view current wish line online remove entry,NFR,US
regarding optimization operation communication system major role,NFR,US
minimize use keyboard mouse processing acquisition allow acquisition completed click page switch,NFR,US
potential user multimahjongclient product anyone enjoys playing interested game mahjong,NFR,US
co able play 3 different ability level beginner intermediate advanced,NFR,US
information flow must compatible average user capability avoid cognitive overload,NFR,US
system shall easy learn,NFR,US
user mix 2 document time less,NFR,US
text quality quality textual content respect spelling grammar sufficient impede readability,NFR,US
store shall communicate content manager get product specification offering promotion,NFR,US
able initiate first step react adaptively recognize people distinguish human life eg dog,NFR,US
support quick distribution minimal branch labor ability identify material used,NFR,US
task rate group corresponding schedule vehicle mode setup system initialization,NFR,US
member able see response blog post related campaign,NFR,US
splash screen used navigation option skip offered,NFR,US
prior knowledge mahjong rule necessary product designed player experience,NFR,US
issuing inside instruction user shall able issue reside instruction revers inside instruction,NFR,US
transfer outside university approved university group,NFR,US
freedom run copy distribute study change improve parted pay money use parted,NFR,US
co able play version rule specified user creates game,NFR,US
